{
  "IsEncrypted": false,
  "Values": {
    "WEBSITE_CONTENTAZUREFILECONNECTIONSTRING": "DefaultEndpointsProtocol=https;AccountName=dacd3xj574tv4functions;AccountKey=v7VAOmD5nzZ0492eZnN+XbcgisOAqdPiMeK4HcJH0ytE9Q6rAtAso+aSpqF8ORl7w7zzjBWO+yml+AStBbBCmQ==;EndpointSuffix=core.windows.net",
    "WEBSITE_AUTH_LOGOUT_PATH": "/.auth/logout",
    "KeyVaultBaseUrl": "https://vault.azure.net",
    "SharepointEventHubName": "eh-srd-01-audit.sharepoint-log",
    "StorageContainerConnectionString": "DefaultEndpointsProtocol=https;AccountName=dacd3xj574tv4functions;AccountKey=v7VAOmD5nzZ0492eZnN+XbcgisOAqdPiMeK4HcJH0ytE9Q6rAtAso+aSpqF8ORl7w7zzjBWO+yml+AStBbBCmQ==;EndpointSuffix=core.windows.net",
    "KeyVaultEnabled": "false",
    "EnableArchiving": "true",
    "AzureWebJobs.EgressDLPAllLogs.Disabled": "0",
    "ResourceId": "https://manage.office.com",
    "SentinelSharedkey": "LsPWPoMAg498r0j8bRCUj5byuBv37Bn0vY5x2l73J+UPnmdX6fJQv84pQRSmwZ6aDgRiU8ZSfdS+1tBTEXMnDQ==",
    "WEBSITE_RUN_FROM_PACKAGE": "1",
    "ClientId": "37050267-02c0-4ada-9086-a50ca207ad9f",
    "AADInstance": "https://login.microsoftonline.com/{0}",
    "EnableDirectInjestionToWorkSpace": "true",
    "LogContainerName": "log",
    "APPLICATIONINSIGHTS_CONNECTION_STRING": "InstrumentationKey=b29df5a5-9d0a-4c23-aa1e-de3003cccf41;IngestionEndpoint=https://westeurope-5.in.applicationinsights.azure.com/;LiveEndpoint=https://westeurope.livediagnostics.monitor.azure.com/",
    "FUNCTIONS_RUNTIME_SCALE_MONITORING_ENABLED": "0",
    "APPINSIGHTS_INSTRUMENTATIONKEY": "b29df5a5-9d0a-4c23-aa1e-de3003cccf41",
    "ConnectionIntervalinMinutes": "3",
    "AuditLogExtractionStartDate": "",
    "AzureWebJobsDashboard": "DefaultEndpointsProtocol=https;AccountName=dacd3xj574tv4functions;AccountKey=v7VAOmD5nzZ0492eZnN+XbcgisOAqdPiMeK4HcJH0ytE9Q6rAtAso+aSpqF8ORl7w7zzjBWO+yml+AStBbBCmQ==;EndpointSuffix=core.windows.net",
    "PublisherGUID": "1776c906-8e29-4621-9923-4c981afd8bc2",
    "AzureActiveDirectoryEventHubName": "eh-srd-01-audit-azureactivedirectory-log",
    "ClientSecret": "sV-8Q~OUNSJpfwbLBWlFEHfKF52g2I68DhAeSawt",
    "AzureWebJobs.EgressAuditGeneralLogs.Disabled": "0",
    "DLPALLEventHubName": "eh-srd-01-dlp-log",
    "ScmType": "None",
    "REMOTEDEBUGGINGVERSION": "16.0.30709.132",
    "WEBSITE_CONTENTSHARE": "m365connector",
    "AzureWebJobs.EgressAuditExchangeLogs.Disabled": "0",
    "TenantId": "5560f246-6c19-4831-b59e-a1db8474627e",
    "FUNCTIONS_EXTENSION_VERSION": "~4",
    "EventHubName": "eh-srd-01-audit-general-logs",
    "GeneralEventHubName": "eh-srd-01-audit-general-logs",
    "WEBSITE_AUTH_AUTO_AAD": "False",
    "DataContainerName": "data",
    "WEBSITE_AUTH_ENABLED": "False",
    "AzureWebJobsStorage": "DefaultEndpointsProtocol=https;AccountName=dacd3xj574tv4functions;AccountKey=v7VAOmD5nzZ0492eZnN+XbcgisOAqdPiMeK4HcJH0ytE9Q6rAtAso+aSpqF8ORl7w7zzjBWO+yml+AStBbBCmQ==;EndpointSuffix=core.windows.net",
    "LogFileName": "logs.txt",
    "FUNCTIONS_WORKER_RUNTIME": "dotnet",
    "WEBSITE_SITE_NAME": "M365Connector",
    "WEBSITE_SLOT_NAME": "Production",
    "ExchangeEventHubName": "eh-srd-01-audit-exchange-logs",
    "SentinelCustomerId": "8a4f359b-f654-436f-9a29-9774c48b0c71",
    "AzureWebJobs.EgressAuditAzureActiveDirectoryLogs.Disabled": "1",
    "EventHubConnectionstring": "Endpoint=sb://ehn-srd-01-central-abc.servicebus.windows.net/;SharedAccessKeyName=RootManageSharedAccessKey;SharedAccessKey=8XilejKx6aNFobaiY0ZzELZvz4V/u9unqZsv+DtSWOs=",
    "AzureWebJobs.EgressAuditSharePointLogs.Disabled": "0"
  }
}